fold,y_real,Baseline_H,Baseline_D,Baseline_A,Poisson_H,Poisson_D,Poisson_A,Dixon-Coles_H,Dixon-Coles_D,Dixon-Coles_A,XGBoost_H,XGBoost_D,XGBoost_A
2010,1,0.21358567340209222,0.23418294734118256,0.5522313792567253,0.21727876102271798,0.2905718857516397,0.49214935322564246,0.2236159740016312,0.29034203279970694,0.4860419931986619,0.3342802,0.33616063,0.32955915
2010,1,0.21358567340209222,0.23418294734118256,0.5522313792567253,0.21726163692223127,0.305682254674473,0.4770561084032955,0.30573507784063403,0.33726140310872277,0.35700351905064326,0.29775718,0.32591864,0.37632412
2010,0,0.5522313792567253,0.23418294734118256,0.21358567340209222,0.5355226617887691,0.2879111761121049,0.1765661620991259,0.5324148867443133,0.2877143981061485,0.17987071514953817,0.6304774,0.18324926,0.18627335
2010,1,0.5522313792567253,0.23418294734118256,0.21358567340209222,0.48816968775121755,0.2803350076844661,0.23149530456431627,0.5888217170947116,0.24134217859702836,0.16983610430826018,0.75536364,0.08012565,0.16451065
2010,0,0.21358567340209222,0.23418294734118256,0.5522313792567253,0.3123199322593865,0.3749979529021481,0.3126821148384657,0.3950187796483209,0.340618889212944,0.2643623311387352,0.33984485,0.21828467,0.44187054
2010,2,0.5522313792567253,0.23418294734118256,0.21358567340209222,0.463619829646012,0.30991109984141607,0.22646907051257187,0.5184873392045142,0.29061119177624484,0.19090146901924082,0.4355346,0.24647246,0.31799296
2010,2,0.21358567340209222,0.23418294734118256,0.5522313792567253,0.20839187124110337,0.31687378758454865,0.47473434117434793,0.18047858786167403,0.3100662578399762,0.5094551542983498,0.44864893,0.21094796,0.34040308
2010,0,0.5522313792567253,0.23418294734118256,0.21358567340209222,0.4474269969409217,0.27253103211539803,0.2800419709436803,0.4476664719124825,0.30769954606585326,0.24463398202166411,0.57752126,0.21795776,0.20452096
2010,0,0.21358567340209222,0.23418294734118256,0.5522313792567253,0.38216232116351445,0.3360984813407457,0.28173919749573995,0.45068635154558345,0.2953928080260123,0.2539208404284044,0.28737593,0.25530133,0.45732275
2010,0,0.5522313792567253,0.23418294734118256,0.21358567340209222,0.4937468496710965,0.3049208589759958,0.20133229135290778,0.5307650712892269,0.2983976982054184,0.17083723050535468,0.5484404,0.13596982,0.31558976
2010,1,0.5522313792567253,0.23418294734118256,0.21358567340209222,0.42578779918434895,0.33863483427792473,0.23557736653772623,0.4060092866473204,0.34401177251942106,0.2499789408332585,0.46336097,0.21521363,0.32142538
2010,0,0.5522313792567253,0.23418294734118256,0.21358567340209222,0.8094576023570851,0.1482141107558926,0.04232828688702228,0.7901956965807482,0.16024348835415705,0.04956081506509486,0.86727804,0.110007145,0.022714775
2010,1,0.21358567340209222,0.23418294734118256,0.5522313792567253,0.2562064209090229,0.28977187812548894,0.4540217009654882,0.24631337571311795,0.30045726303466275,0.45322936125221924,0.19216952,0.25466383,0.5531666
2010,1,0.21358567340209222,0.23418294734118256,0.5522313792567253,0.26516474612672014,0.23768885534376807,0.4971463985295117,0.2308192832394919,0.24953112754002132,0.5196495892204867,0.3410863,0.25663328,0.4022804
2010,2,0.21358567340209222,0.23418294734118256,0.5522313792567253,0.26354510127424086,0.3101936907949185,0.4262612079308407,0.2495580361082299,0.3141557008696389,0.43628626302213114,0.3982866,0.17403622,0.42767712
2010,2,0.21358567340209222,0.23418294734118256,0.5522313792567253,0.23988105196582582,0.2710976123233896,0.48902133571078465,0.24264407998485277,0.29476534070193844,0.4625905793132088,0.2855092,0.36402714,0.3504637
2010,2,0.5522313792567253,0.23418294734118256,0.21358567340209222,0.6185283641165591,0.2495400359630462,0.13193159992039466,0.6805038443069246,0.22286985710389784,0.09662629858917754,0.7671546,0.06941212,0.16343337
2010,0,0.5522313792567253,0.23418294734118256,0.21358567340209222,0.35273557807674805,0.3715675211434155,0.27569690077983644,0.33042194751288045,0.34887599056625684,0.32070206192086254,0.32145137,0.23509017,0.44345844
2010,0,0.5522313792567253,0.23418294734118256,0.21358567340209222,0.48545742477144527,0.3050520499100709,0.2094905253184839,0.45133334128329483,0.3090814976776551,0.2395851610390502,0.5396969,0.1793057,0.28099743
2010,2,0.5522313792567253,0.23418294734118256,0.21358567340209222,0.42899117658498653,0.34154758520261014,0.22946123821240344,0.3351529196232982,0.33960291756665917,0.32524416281004287,0.3214649,0.21583033,0.46270478
2010,1,0.5522313792567253,0.23418294734118256,0.21358567340209222,0.797246975806613,0.15044787956861086,0.052305144624776125,0.8003506616103198,0.15057430131438634,0.049075037075293974,0.8743782,0.067848615,0.057773195
2010,2,0.5522313792567253,0.23418294734118256,0.21358567340209222,0.5092997517038444,0.26206176366929046,0.22863848462686515,0.4492402562493496,0.2880166083631767,0.26274313538747374,0.733826,0.14498141,0.12119256
2010,1,0.21358567340209222,0.23418294734118256,0.5522313792567253,0.1914351592367436,0.28661418077949896,0.5219506599837574,0.2775266084380323,0.3005158337976941,0.42195755776427346,0.38848987,0.15990059,0.45160952
2010,0,0.5522313792567253,0.23418294734118256,0.21358567340209222,0.5494695756555366,0.29491738705021703,0.15561303729424647,0.5791679813085897,0.2722519789371282,0.14858003975428208,0.6671317,0.14372782,0.18914042
2010,1,0.21358567340209222,0.23418294734118256,0.5522313792567253,0.18642999185782277,0.289861767543068,0.5237082405991093,0.19980602839022982,0.32132646523930286,0.4788675063704674,0.44275218,0.27887908,0.27836874
2010,2,0.5522313792567253,0.23418294734118256,0.21358567340209222,0.22963500775025525,0.30892535481313405,0.46143963743661076,0.22267945199312314,0.29695747315702986,0.48036307484984697,0.43202794,0.26008034,0.30789176
2010,2,0.21358567340209222,0.23418294734118256,0.5522313792567253,0.29518084960934543,0.29941844671249324,0.4054007036781613,0.2735633671601599,0.30637870164905096,0.42005793119078916,0.31554317,0.24360469,0.4408521
2010,1,0.5522313792567253,0.23418294734118256,0.21358567340209222,0.650421928907934,0.21717618194106922,0.1324018891509967,0.6662434378962929,0.21905184047377693,0.11470472162993006,0.8102003,0.11707138,0.07272837
2010,0,0.5522313792567253,0.23418294734118256,0.21358567340209222,0.6391455976199594,0.22650407715058696,0.13435032522945367,0.6762690010960087,0.20573347730349012,0.11799752160050114,0.797492,0.091717854,0.110790156
2010,0,0.5522313792567253,0.23418294734118256,0.21358567340209222,0.35213115026753955,0.31731363582161043,0.33055521391085,0.39581052406761785,0.33100816660261867,0.2731813093297637,0.4539866,0.32903165,0.21698183
2010,0,0.5522313792567253,0.23418294734118256,0.21358567340209222,0.6602159746897329,0.2424112399306583,0.09737278537960879,0.5922921691198939,0.28703330638052205,0.12067452449958434,0.85456365,0.110386446,0.035049923
2010,0,0.5522313792567253,0.23418294734118256,0.21358567340209222,0.6926620502898159,0.21299777245551005,0.09434017725467397,0.7256097792616861,0.19365509401768372,0.08073512672063032,0.8454193,0.048509378,0.10607132
2010,2,0.21358567340209222,0.23418294734118256,0.5522313792567253,0.21061937633600958,0.29643492403005517,0.4929456996339353,0.18388625300947803,0.26850405104671465,0.547609695943807,0.18879405,0.12612422,0.6850817
2010,2,0.21358567340209222,0.23418294734118256,0.5522313792567253,0.38026407829024533,0.28945140085558924,0.33028452085416543,0.38056327111016164,0.2874065912308172,0.33203013765902145,0.37494028,0.3031659,0.32189384
2010,1,0.5522313792567253,0.23418294734118256,0.21358567340209222,0.2720353155269581,0.38127446231095935,0.3466902221620827,0.2530944214147546,0.36237478432880715,0.3845307942564382,0.27264464,0.26052254,0.4668328
2010,0,0.21358567340209222,0.23418294734118256,0.5522313792567253,0.1389475037718877,0.28810138875960367,0.5729511074685085,0.21137994341682875,0.34455054473213775,0.4440695118510335,0.27420965,0.34538734,0.38040304
2010,0,0.5522313792567253,0.23418294734118256,0.21358567340209222,0.6747444882087764,0.22299566335048254,0.10225984844074096,0.624479190230332,0.24135218504856534,0.13416862472110266,0.7130899,0.14967713,0.137233
2010,2,0.21358567340209222,0.23418294734118256,0.5522313792567253,0.11253261741024288,0.2263670563927662,0.661100326196991,0.12703194818486246,0.2456484051341031,0.6273196466810345,0.19108765,0.17509227,0.63382006
2010,0,0.21358567340209222,0.23418294734118256,0.5522313792567253,0.39788748038020694,0.3108849132418153,0.2912276063779779,0.3174484161131499,0.33657162255921,0.3459799613276402,0.2732267,0.30089843,0.42587483
2010,2,0.21358567340209222,0.23418294734118256,0.5522313792567253,0.13337875691811302,0.22118241451921822,0.6454388285626689,0.13062684131487115,0.23503518059912543,0.6343379780860037,0.29222545,0.25922304,0.44855148
2010,2,0.21358567340209222,0.23418294734118256,0.5522313792567253,0.12539316322146815,0.2871918979729234,0.5874149388056086,0.09480578524413534,0.21287484305097082,0.6923193717048939,0.15854318,0.3329697,0.50848716
2010,2,0.5522313792567253,0.23418294734118256,0.21358567340209222,0.41446560417718736,0.305812927271554,0.2797214685512585,0.37106018889424675,0.32494566147244197,0.30399414963331123,0.45653746,0.19257873,0.3508838
2010,1,0.5522313792567253,0.23418294734118256,0.21358567340209222,0.5260106417567498,0.2618918492782284,0.21209750896502172,0.5551146190081104,0.27358250194515943,0.1713028790467301,0.5882689,0.22921206,0.18251906
2010,0,0.21358567340209222,0.23418294734118256,0.5522313792567253,0.20100582806978412,0.2737526220192217,0.525241549910994,0.19993257307661072,0.27067762659761685,0.5293898003257724,0.12506819,0.2956751,0.5792568
2010,1,0.5522313792567253,0.23418294734118256,0.21358567340209222,0.43173782907896135,0.28867313686262874,0.27958903405840985,0.37158593777996884,0.3185137427815754,0.3099003194384557,0.608413,0.18883674,0.20275028
2010,1,0.21358567340209222,0.23418294734118256,0.5522313792567253,0.20274697681117693,0.2807491858699755,0.5165038373188475,0.19053750185980659,0.2910370982828033,0.5184253998573901,0.12773098,0.11220038,0.7600686
2010,2,0.21358567340209222,0.23418294734118256,0.5522313792567253,0.13962383597483707,0.28239106293628663,0.5779851010888764,0.1311277561794694,0.26188728212928647,0.606984961691244,0.22294529,0.331639,0.44541574
2010,2,0.21358567340209222,0.23418294734118256,0.5522313792567253,0.1461658208547602,0.27372553710704717,0.5801086420381925,0.18171522980965749,0.28767575891506453,0.5306090112752779,0.13581844,0.2881224,0.57605916
2010,0,0.5522313792567253,0.23418294734118256,0.21358567340209222,0.3651139594113588,0.31937278932472263,0.3155132512639187,0.36625095452674095,0.3229372526522906,0.3108117928209683,0.39481518,0.29312184,0.31206304
2010,2,0.5522313792567253,0.23418294734118256,0.21358567340209222,0.5124272114200799,0.29003847616684125,0.1975343124130788,0.4741424383211812,0.2868356312157859,0.23902193046303272,0.3422047,0.21884385,0.43895146
2010,0,0.5522313792567253,0.23418294734118256,0.21358567340209222,0.4593524509717189,0.28618624951141114,0.2544612995168699,0.42296295425527003,0.28244520521222044,0.2945918405325094,0.61776274,0.1416299,0.2406074
2010,0,0.5522313792567253,0.23418294734118256,0.21358567340209222,0.3260103387259753,0.2702977914607251,0.40369186981329974,0.29967154192717527,0.28694292693678797,0.4133855311360367,0.2950369,0.2206597,0.48430336
2010,0,0.5522313792567253,0.23418294734118256,0.21358567340209222,0.6282107901761119,0.24624438666545942,0.12554482315842858,0.6127111499856717,0.25127528214462014,0.13601356786970809,0.63095707,0.11710968,0.25193325
2010,0,0.5522313792567253,0.23418294734118256,0.21358567340209222,0.630251905589607,0.23878942273842302,0.13095867167196995,0.6886002406852906,0.20721342497234357,0.10418633434236567,0.73260397,0.13225417,0.1351418
2010,1,0.5522313792567253,0.23418294734118256,0.21358567340209222,0.34571857934594774,0.33707721836891347,0.3172042022851389,0.33131115294497426,0.3403926003866924,0.32829624666833357,0.35694328,0.30569667,0.3373601
2010,0,0.5522313792567253,0.23418294734118256,0.21358567340209222,0.4713522635271881,0.3108519259627996,0.21779581051001223,0.5152191434744963,0.3024639950003626,0.1823168615251414,0.56115544,0.14009492,0.2987497
2010,1,0.5522313792567253,0.23418294734118256,0.21358567340209222,0.5181852599895206,0.27365816632691226,0.2081565736835673,0.5376325184992294,0.27423817706881914,0.18812930443195147,0.5534356,0.24650112,0.20006327
2010,0,0.21358567340209222,0.23418294734118256,0.5522313792567253,0.28885697526286913,0.3317776638094062,0.3793653609277247,0.29153728365683906,0.3152376398563619,0.39322507648679905,0.21868217,0.13776712,0.64355075
2010,2,0.21358567340209222,0.23418294734118256,0.5522313792567253,0.14930497114447022,0.2943586001784032,0.5563364286771266,0.11582984342775159,0.26064033757865634,0.6235298189935919,0.10879696,0.18394054,0.7072625
2010,2,0.21358567340209222,0.23418294734118256,0.5522313792567253,0.389937320182528,0.2650966917462565,0.3449659880712154,0.3545307138880628,0.2830066948730312,0.36246259123890595,0.4135981,0.24156214,0.34483975
2010,2,0.21358567340209222,0.23418294734118256,0.5522313792567253,0.18168696105857754,0.2757133732282702,0.5425996657131524,0.19241807648248818,0.2813630651497003,0.5262188583678116,0.17836367,0.22066699,0.6009694
2010,2,0.21358567340209222,0.23418294734118256,0.5522313792567253,0.24487919615301398,0.2813572256323858,0.47376357821460024,0.21044390027640486,0.2770942204552301,0.5124618792683651,0.1661789,0.19447215,0.6393489
2010,2,0.21358567340209222,0.23418294734118256,0.5522313792567253,0.25582180018796136,0.24579616712310406,0.4983820326889345,0.26941702526190126,0.27573784568221277,0.454845129055886,0.26866853,0.28088954,0.4504419
2010,2,0.21358567340209222,0.23418294734118256,0.5522313792567253,0.2985607408559048,0.3576824673769419,0.34375679176715307,0.2773063739894118,0.32813933293349473,0.39455429307709344,0.1745138,0.1211666,0.7043196
2014,0,0.548035725492269,0.23627970593263806,0.21568456857509297,0.718867514103364,0.18330466004183205,0.09782782585480398,0.8145691726442387,0.13121923735374777,0.054211590002013574,0.7977943,0.17104831,0.03115739
2014,2,0.548035725492269,0.23627970593263806,0.21568456857509297,0.3789277587242268,0.33431408480354186,0.2867581564722313,0.4447427023016778,0.3188425684928056,0.23641472920551657,0.358302,0.2957342,0.34596387
2014,0,0.548035725492269,0.23627970593263806,0.21568456857509297,0.4031910481827854,0.30277158849775593,0.2940373633194586,0.6318224536780708,0.2202246059893112,0.14795294033261816,0.4943142,0.26348108,0.24220474
2014,0,0.548035725492269,0.23627970593263806,0.21568456857509297,0.451995248466873,0.3178155165588084,0.2301892349743186,0.5468411862892415,0.2811824320140443,0.17197638169671403,0.5706984,0.25232854,0.17697306
2014,0,0.548035725492269,0.23627970593263806,0.21568456857509297,0.39351369144075504,0.2940107963530963,0.3124755122061486,0.4094255506590363,0.2632674296078369,0.3273070197331269,0.49430692,0.24364685,0.26204628
2014,2,0.548035725492269,0.23627970593263806,0.21568456857509297,0.5596006192700693,0.24812164542253998,0.19227773530739078,0.5693782252986523,0.2716999017168649,0.15892187298448274,0.66864437,0.22630337,0.10505224
2014,0,0.548035725492269,0.23627970593263806,0.21568456857509297,0.36011775280183417,0.37835844621858483,0.261523800979581,0.4604004332470134,0.36847499303056613,0.17112457372242046,0.47649822,0.31756943,0.20593238
2014,2,0.21568456857509297,0.23627970593263806,0.548035725492269,0.4139334545147739,0.3125746864362841,0.27349185904894197,0.4653626143322315,0.3085792873392011,0.2260580983285673,0.31561393,0.32008833,0.36429772
2014,0,0.548035725492269,0.23627970593263806,0.21568456857509297,0.6739365517856859,0.19534916057410526,0.13071428764020881,0.6192173585927929,0.2274998537003591,0.1532827877068481,0.71750903,0.19547248,0.08701853
2014,0,0.548035725492269,0.23627970593263806,0.21568456857509297,0.6086798721443688,0.2659075979911668,0.12541252986446427,0.654734648832745,0.2420924120264563,0.10317293914079859,0.686238,0.19081017,0.12295189
2014,0,0.548035725492269,0.23627970593263806,0.21568456857509297,0.3642138692296387,0.30431114114931174,0.3314749896210495,0.3017451490553814,0.30726486288894395,0.39098998805567475,0.27193716,0.34594914,0.3821137
2014,0,0.548035725492269,0.23627970593263806,0.21568456857509297,0.39761959319468076,0.26578879235088737,0.33659161445443175,0.4173455159748833,0.259730336656906,0.3229241473682106,0.5436892,0.23560637,0.22070444
2014,2,0.21568456857509297,0.23627970593263806,0.548035725492269,0.2614357040698363,0.31098654821818267,0.4275777477119812,0.3172772138660832,0.31246771220210096,0.3702550739318158,0.38116097,0.22620264,0.3926364
2014,1,0.548035725492269,0.23627970593263806,0.21568456857509297,0.3140893719351458,0.3413852240713617,0.34452540399349263,0.32578064094261067,0.3361850726738211,0.33803428638356836,0.29279107,0.3498851,0.3573238
2014,1,0.548035725492269,0.23627970593263806,0.21568456857509297,0.7264985823347834,0.17742301601763438,0.09607840164758241,0.7752115074412045,0.15025767297247022,0.07453081958632529,0.818137,0.123445846,0.058417134
2014,1,0.548035725492269,0.23627970593263806,0.21568456857509297,0.394911577442568,0.32890556595705017,0.2761828566003818,0.5346043024206615,0.30247750596343376,0.16291819161590476,0.5447513,0.22371647,0.23153223
2014,0,0.548035725492269,0.23627970593263806,0.21568456857509297,0.5180948474262466,0.28236608124824236,0.19953907132551102,0.5249253710522501,0.2843041468189974,0.1907704821287527,0.5707609,0.2535229,0.1757162
2014,2,0.21568456857509297,0.23627970593263806,0.548035725492269,0.1654073124337761,0.27088631470010915,0.5637063728661149,0.1253222565763377,0.22511712282280483,0.6495606206008576,0.06736388,0.26273003,0.6699061
2014,2,0.21568456857509297,0.23627970593263806,0.548035725492269,0.22824587831814683,0.32355615707816454,0.4481979646036887,0.21312301348562895,0.31375553945508516,0.47312144705928594,0.21869606,0.3250981,0.45620587
2014,2,0.548035725492269,0.23627970593263806,0.21568456857509297,0.5516228548327478,0.2802989100365112,0.16807823513074116,0.5098722531867763,0.2829328543894278,0.20719489242379596,0.40385655,0.31914595,0.27699754
2014,0,0.548035725492269,0.23627970593263806,0.21568456857509297,0.3674870399727804,0.3244050271602284,0.3081079328669913,0.5303492920973653,0.2824841250728658,0.18716658282976875,0.48844665,0.32703117,0.1845222
2014,1,0.21568456857509297,0.23627970593263806,0.548035725492269,0.3184875791383003,0.3469848371477151,0.33452758371398433,0.3116916398648786,0.33760802625087627,0.350700333884245,0.27282372,0.31038344,0.41679284
2014,0,0.548035725492269,0.23627970593263806,0.21568456857509297,0.27476253136042006,0.2710610169613298,0.4541764516782501,0.3275881937017373,0.3026462940985916,0.36976551219967085,0.37118468,0.23678742,0.3920279
2014,2,0.548035725492269,0.23627970593263806,0.21568456857509297,0.5276292017088313,0.2871361529991333,0.18523464529203532,0.43588250519879224,0.33170457466503656,0.23241292013617126,0.51457036,0.27803382,0.20739584
2014,2,0.21568456857509297,0.23627970593263806,0.548035725492269,0.2629774149193698,0.2906617012381893,0.44636088384244077,0.17999376895009844,0.2545795468540621,0.5654266841958393,0.27817753,0.23381658,0.4880059
2014,2,0.548035725492269,0.23627970593263806,0.21568456857509297,0.1887300855423848,0.31613733269967864,0.49513258175793673,0.18456918436638028,0.3249821052005706,0.49044871043304894,0.25745973,0.30763572,0.43490458
2014,0,0.21568456857509297,0.23627970593263806,0.548035725492269,0.3918233738183476,0.29700270751788505,0.3111739186637675,0.27966144165021134,0.2848118153219945,0.4355267430277942,0.35758486,0.27269068,0.36972448
2014,0,0.548035725492269,0.23627970593263806,0.21568456857509297,0.6011665523890215,0.24709366282291895,0.15173978478805938,0.6500427090928734,0.23850825157637232,0.11144903933075442,0.669879,0.25774422,0.07237676
2014,1,0.548035725492269,0.23627970593263806,0.21568456857509297,0.6061252825048045,0.23245316883825826,0.16142154865693736,0.5865163690683177,0.23583991468367665,0.17764371624800565,0.80501443,0.15026994,0.044715602
2014,0,0.548035725492269,0.23627970593263806,0.21568456857509297,0.26872114262093805,0.294419902284023,0.4368589550950392,0.2770825624299354,0.33713720572714195,0.38578023184292276,0.30360487,0.29644033,0.39995483
2014,2,0.21568456857509297,0.23627970593263806,0.548035725492269,0.5061850587669008,0.3097996348927632,0.18401530634033592,0.35776278616448587,0.3221516646653022,0.3200855491702119,0.43140367,0.28202316,0.28657323
2014,1,0.21568456857509297,0.23627970593263806,0.548035725492269,0.2522549357564674,0.2886447534964363,0.45910031074709645,0.232919204263124,0.27929208767000613,0.4877887080668699,0.2872414,0.23079662,0.48196194
2014,2,0.21568456857509297,0.23627970593263806,0.548035725492269,0.1341265938080613,0.25013687413223273,0.6157365320597061,0.07186319722170362,0.17544488359255103,0.7526919191857451,0.08487759,0.24966085,0.6654616
2014,0,0.548035725492269,0.23627970593263806,0.21568456857509297,0.8142679637159214,0.1345612445142992,0.0511707917697794,0.9031367269410159,0.07546630277498313,0.021396970284001067,0.8075748,0.1703434,0.022081835
2014,2,0.548035725492269,0.23627970593263806,0.21568456857509297,0.34232318258667305,0.31738595269507114,0.34029086471825565,0.2874652893178174,0.30825208381653646,0.4042826268656461,0.33778805,0.23875931,0.42345265
2014,0,0.21568456857509297,0.23627970593263806,0.548035725492269,0.49959220087712497,0.29700765116369965,0.20340014795917527,0.39271303381253087,0.2988738895204004,0.30841307666706874,0.29062083,0.28456575,0.4248134
2014,2,0.21568456857509297,0.23627970593263806,0.548035725492269,0.26870474427250535,0.3356231145301395,0.39567214119735516,0.16282795942452247,0.2722442265276591,0.5649278140478183,0.14271799,0.25225705,0.60502493
2014,2,0.21568456857509297,0.23627970593263806,0.548035725492269,0.36084815770260703,0.29752340580582926,0.3416284364915637,0.2465715686822924,0.29152239817203446,0.46190603314567324,0.35740778,0.21996799,0.42262426
2014,1,0.21568456857509297,0.23627970593263806,0.548035725492269,0.1362486142548563,0.2344059797846405,0.6293454059605033,0.1470655481955979,0.28762997865606255,0.5653044731483394,0.26497036,0.18304597,0.5519837
2014,0,0.548035725492269,0.23627970593263806,0.21568456857509297,0.3068710257620596,0.3304929532800543,0.3626360209578863,0.3197999570258504,0.3346152584341655,0.3455847845399842,0.3195478,0.34990853,0.33054367
2014,0,0.548035725492269,0.23627970593263806,0.21568456857509297,0.3324442054791207,0.2874496799422127,0.3801061145786665,0.43236839022974793,0.2975979244349272,0.2700336853353248,0.35875207,0.29905304,0.34219489
2014,1,0.21568456857509297,0.23627970593263806,0.548035725492269,0.17840241236270368,0.30589239222358033,0.5157051954137157,0.22027185753243186,0.30098097358582226,0.4787471688817459,0.34164378,0.25706333,0.40129292
2014,2,0.21568456857509297,0.23627970593263806,0.548035725492269,0.24788935863524622,0.2909537777728027,0.4611568635919512,0.2126122890739297,0.3051516768544182,0.4822360340716522,0.21379647,0.23075528,0.5554483
2014,2,0.21568456857509297,0.23627970593263806,0.548035725492269,0.16354916105006573,0.26670000527371635,0.5697508336762178,0.1127307267835246,0.22538953376780926,0.6618797394486662,0.13018875,0.1924047,0.67740655
2014,2,0.21568456857509297,0.23627970593263806,0.548035725492269,0.2317756931813103,0.24778993306660696,0.5204343737520827,0.19863130987999142,0.23177423985770948,0.5695944502622992,0.13905263,0.14669311,0.7142542
2014,1,0.21568456857509297,0.23627970593263806,0.548035725492269,0.14395438799727261,0.27122696346962555,0.5848186485331017,0.15105350239152718,0.31301185769229967,0.5359346399161732,0.26418614,0.286813,0.44900087
2014,2,0.21568456857509297,0.23627970593263806,0.548035725492269,0.36219724941182996,0.312424216910435,0.3253785336777352,0.20627507987058283,0.27506915624885964,0.5186557638805576,0.18611355,0.26078132,0.5531052
2014,0,0.548035725492269,0.23627970593263806,0.21568456857509297,0.5369768726326936,0.2810085312254967,0.18201459614180956,0.5035916227294526,0.28685371610914134,0.20955466116140603,0.47067308,0.2983643,0.23096263
2014,0,0.21568456857509297,0.23627970593263806,0.548035725492269,0.33355673661136986,0.3124395678329772,0.3540036955556529,0.38759089307710126,0.325383539078084,0.2870255678448147,0.59170294,0.24546438,0.16283272
2014,1,0.548035725492269,0.23627970593263806,0.21568456857509297,0.7487486240232402,0.16599755816683703,0.0852538178099227,0.7365027829721787,0.16583413269743294,0.09766308433038826,0.68869585,0.22015277,0.09115141
2014,1,0.21568456857509297,0.23627970593263806,0.548035725492269,0.24189496208581385,0.33388566435443756,0.4242193735597485,0.24378715694758624,0.38725619397237665,0.36895664908003706,0.35647482,0.26534617,0.37817904
2014,0,0.548035725492269,0.23627970593263806,0.21568456857509297,0.4765222862322464,0.30370679248949534,0.21977092127825823,0.4405773032460172,0.3027041202562259,0.256718576497757,0.5454236,0.27146685,0.18310948
2014,0,0.548035725492269,0.23627970593263806,0.21568456857509297,0.4988359437576727,0.33260680648839724,0.16855724975393016,0.5844886857026064,0.2795193595067621,0.1359919547906315,0.6277208,0.2091299,0.16314933
2014,0,0.548035725492269,0.23627970593263806,0.21568456857509297,0.7591972367932293,0.16264892780855553,0.07815383539821523,0.7015465136358879,0.1913125129517959,0.10714097341231614,0.7877457,0.16943407,0.042820252
2014,0,0.548035725492269,0.23627970593263806,0.21568456857509297,0.5620095627166268,0.2553053194312604,0.18268511785211305,0.5628657245008878,0.2751237757960633,0.16201049970304898,0.60124195,0.24307448,0.15568353
2014,0,0.548035725492269,0.23627970593263806,0.21568456857509297,0.28665544925079955,0.2872907937444237,0.4260537570047768,0.3961232064219492,0.29506984245722506,0.30880695112082557,0.4168638,0.24405207,0.33908412
2014,0,0.548035725492269,0.23627970593263806,0.21568456857509297,0.6868527291279232,0.20917935297377058,0.10396791789830623,0.6212203950915733,0.24131783916576294,0.13746176574266375,0.7092884,0.21479566,0.075915955
2014,2,0.21568456857509297,0.23627970593263806,0.548035725492269,0.37688473947612333,0.30291794757019336,0.3201973129536835,0.39912359653824475,0.2915960689183426,0.3092803345434126,0.28501025,0.18165618,0.5333336
2014,1,0.548035725492269,0.23627970593263806,0.21568456857509297,0.6491368130220047,0.23505421011459868,0.11580897686339667,0.5882217128291944,0.277344310986265,0.13443397618454075,0.6694011,0.19083394,0.13976493
2014,0,0.548035725492269,0.23627970593263806,0.21568456857509297,0.6299673373571619,0.2224725746121418,0.14756008803069628,0.5726504499608105,0.2556924384567704,0.17165711158241903,0.4943647,0.30897513,0.1966602
2014,2,0.21568456857509297,0.23627970593263806,0.548035725492269,0.681318649719819,0.180280777751986,0.13840057252819482,0.7428390311769726,0.15239304629597944,0.1047679225270479,0.71185267,0.11038906,0.17775823
2014,1,0.21568456857509297,0.23627970593263806,0.548035725492269,0.35979392245081065,0.30593144947990764,0.33427462806928177,0.2838165090530656,0.3085790460937928,0.4076044448531415,0.3176488,0.16028275,0.52206844
2014,2,0.548035725492269,0.23627970593263806,0.21568456857509297,0.5618338664816684,0.2520496980487353,0.1861164354695962,0.663519534713503,0.20943473626185388,0.12704572902464298,0.549063,0.22901998,0.221917
2014,0,0.548035725492269,0.23627970593263806,0.21568456857509297,0.32525534918745846,0.2560035860481847,0.41874106476435674,0.27997376967629994,0.2575519740186283,0.4624742563050718,0.5996187,0.16162194,0.23875934
2018,0,0.2164496918553722,0.23526751098475057,0.5482827971598772,0.673390398153087,0.20591528253591246,0.12069431931100055,0.6915020840349011,0.1893602042607026,0.11913771170439623,0.62654424,0.20563973,0.16781601
2018,2,0.2164496918553722,0.23526751098475057,0.5482827971598772,0.310732339914429,0.35360382343986635,0.33566383664570465,0.2980443281777847,0.40145855891677834,0.3004971129054372,0.37807074,0.2874352,0.33449405
2018,2,0.2164496918553722,0.23526751098475057,0.5482827971598772,0.2196583934202097,0.25986914750210977,0.5204724590776806,0.18264095700773733,0.2968516868021974,0.5205073561900653,0.18923748,0.25965017,0.55111235
2018,1,0.5482827971598772,0.23526751098475057,0.2164496918553722,0.228046756932263,0.29891267673993793,0.4730405663277989,0.21327398824573873,0.2964190199089496,0.4903069918453117,0.24749957,0.2858685,0.4666319
2018,0,0.5482827971598772,0.23526751098475057,0.2164496918553722,0.460846145044891,0.32327917339967566,0.21587468155543335,0.516973707696335,0.3167215780973855,0.16630471420627957,0.60871726,0.21387339,0.17740932
2018,2,0.5482827971598772,0.23526751098475057,0.2164496918553722,0.28693782949174074,0.29999200687687294,0.41307016363138627,0.3235326144749129,0.3493220829393775,0.32714530258570945,0.4541394,0.35665822,0.18920234
2018,0,0.5482827971598772,0.23526751098475057,0.2164496918553722,0.5531507873852859,0.2774365060736482,0.16941270654106577,0.6637982851986151,0.21585304084974768,0.12034867395163718,0.59469765,0.2724789,0.13282345
2018,1,0.5482827971598772,0.23526751098475057,0.2164496918553722,0.7426926361465798,0.17076135741316717,0.08654600644025312,0.668350092700659,0.20906745816700045,0.12258244913234048,0.6528302,0.23351686,0.11365296
2018,2,0.5482827971598772,0.23526751098475057,0.2164496918553722,0.2631227512259473,0.2996727328221945,0.43720451595185816,0.25332860610229846,0.30315469017567925,0.4435167037220222,0.40454832,0.30388337,0.2915683
2018,2,0.5482827971598772,0.23526751098475057,0.2164496918553722,0.48162099051048063,0.26450073227323423,0.2538782772162851,0.5159599433153111,0.2683592288235517,0.21568082786113713,0.60752577,0.18370944,0.2087648
2018,1,0.5482827971598772,0.23526751098475057,0.2164496918553722,0.6526066260584676,0.22652311664225697,0.12087025729927534,0.6260934319842386,0.26269714749969464,0.1112094205160668,0.6644978,0.23563287,0.09986935
2018,0,0.5482827971598772,0.23526751098475057,0.2164496918553722,0.4360257612211908,0.31294533848653927,0.25102890029226993,0.5472251094771108,0.2805871895091547,0.17218770101373437,0.49839264,0.26048562,0.24112171
2018,0,0.5482827971598772,0.23526751098475057,0.2164496918553722,0.5611546599073906,0.2640482083008196,0.17479713179178993,0.6877121547495517,0.20961977914507163,0.10266806610537671,0.72050637,0.17513323,0.104360335
2018,2,0.2164496918553722,0.23526751098475057,0.5482827971598772,0.1347313693760112,0.2559217447988125,0.6093468858251763,0.11988541349295218,0.27673745038096825,0.6033771361260795,0.15704569,0.32151082,0.52144355
2018,0,0.2164496918553722,0.23526751098475057,0.5482827971598772,0.5451124475938888,0.24737389805867915,0.20751365434743202,0.48369557569906585,0.288201593582965,0.2281028307179693,0.5831719,0.2173942,0.1994339
2018,2,0.5482827971598772,0.23526751098475057,0.2164496918553722,0.4134944807350137,0.302630454492179,0.2838750647728072,0.38228016781715424,0.32217305061096624,0.2955467815718794,0.44320077,0.28039622,0.27640304
2018,2,0.5482827971598772,0.23526751098475057,0.2164496918553722,0.44694211187529,0.3203648640669738,0.23269302405773618,0.6169007090792425,0.24983040938164747,0.13326888153910993,0.6567484,0.22159913,0.121652424
2018,0,0.5482827971598772,0.23526751098475057,0.2164496918553722,0.5082926581245971,0.300133032751462,0.1915743091239407,0.4414767486625579,0.34529439832794195,0.21322885300950012,0.635779,0.2242406,0.13998044
2018,0,0.5482827971598772,0.23526751098475057,0.2164496918553722,0.6478218933861803,0.22149278729359076,0.13068531932022898,0.7214957796943932,0.185835413046064,0.0926688072595431,0.79888165,0.1557722,0.04534619
2018,2,0.2164496918553722,0.23526751098475057,0.5482827971598772,0.12260724224960157,0.25961448632201595,0.6177782714283825,0.1269370677124303,0.280859456628347,0.5922034756592227,0.14402957,0.31056023,0.5454102
2018,1,0.5482827971598772,0.23526751098475057,0.2164496918553722,0.42860809474220873,0.28757511209419806,0.2838167931635933,0.5172592599392121,0.28759837254331694,0.19514236751747083,0.48160166,0.3431394,0.17525892
2018,0,0.5482827971598772,0.23526751098475057,0.2164496918553722,0.532887233066665,0.2934652491966028,0.17364751773673232,0.4502056446911668,0.31123539162090863,0.23855896368792442,0.35155573,0.34192038,0.30652392
2018,2,0.5482827971598772,0.23526751098475057,0.2164496918553722,0.45890564364236386,0.29400934647700006,0.24708500988063611,0.4551956610168265,0.3124991674500558,0.23230517153311767,0.6291025,0.22137186,0.14952558
2018,0,0.2164496918553722,0.23526751098475057,0.5482827971598772,0.4402996638153732,0.30561538893131646,0.2540849472533103,0.28962470416848657,0.3098269230708572,0.40054837276065625,0.22938055,0.245812,0.52480745
2018,2,0.2164496918553722,0.23526751098475057,0.5482827971598772,0.33607802108147494,0.3082144337168828,0.3557075452016423,0.2833540862877972,0.3167588822610167,0.3998870314511861,0.19111328,0.26964086,0.53924584
2018,0,0.5482827971598772,0.23526751098475057,0.2164496918553722,0.7503518371728843,0.17546835119183352,0.07417981163528202,0.7795888062225627,0.16956786871863527,0.050843325058802125,0.6657373,0.19029905,0.14396371
2018,0,0.5482827971598772,0.23526751098475057,0.2164496918553722,0.4823096486217066,0.28345157294005235,0.23423877843824106,0.6487958440827611,0.22274141009759432,0.1284627458196445,0.6430624,0.25434533,0.1025923
2018,2,0.2164496918553722,0.23526751098475057,0.5482827971598772,0.25097504378830504,0.31739901672949505,0.43162593948219996,0.19477606286897242,0.2798925668604512,0.5253313702705764,0.22796956,0.22845307,0.5435774
2018,0,0.5482827971598772,0.23526751098475057,0.2164496918553722,0.4833525269620259,0.26125846998971003,0.2553890030482641,0.47006776324419886,0.2884512100365449,0.2414810267192563,0.5981026,0.16401295,0.23788443
2018,0,0.5482827971598772,0.23526751098475057,0.2164496918553722,0.6789101792784185,0.2245875024162709,0.09650231830531064,0.6363099097649274,0.2655949770078269,0.09809511322724548,0.7414368,0.18797168,0.07059159
2018,1,0.2164496918553722,0.23526751098475057,0.5482827971598772,0.3892706949652031,0.31256010447374183,0.2981692005610552,0.2718386615560004,0.3181013068713859,0.41006003157261384,0.29322124,0.28504026,0.42173854
2018,2,0.5482827971598772,0.23526751098475057,0.2164496918553722,0.24903338515794093,0.3161397101460275,0.43482690469603164,0.2134885612558816,0.29656307163015033,0.4899483671139681,0.36513615,0.25547674,0.3793871
2018,1,0.5482827971598772,0.23526751098475057,0.2164496918553722,0.6273453505549118,0.25702205591220956,0.11563259353287873,0.5948986864916317,0.2790545273027482,0.12604678620562015,0.7513033,0.12883314,0.1198635
2018,2,0.2164496918553722,0.23526751098475057,0.5482827971598772,0.3869166558400623,0.25962507920450395,0.35345826495543375,0.3009363972590622,0.26743386055025054,0.43162974219068745,0.23191188,0.30155498,0.46653318
2018,0,0.2164496918553722,0.23526751098475057,0.5482827971598772,0.23320789602043468,0.2948719410981959,0.47192016288136945,0.21371533034956192,0.30606530698012285,0.4802193626703152,0.41217816,0.22790968,0.35991213
2018,1,0.2164496918553722,0.23526751098475057,0.5482827971598772,0.20215499069215093,0.3007486588904499,0.4970963504173992,0.2141668971711556,0.34670458467025916,0.4391285181585851,0.18627879,0.26022527,0.55349594
2018,2,0.2164496918553722,0.23526751098475057,0.5482827971598772,0.34230497430501894,0.30160916951445527,0.3560858561805258,0.1968935741214849,0.28247769571994835,0.5206287301585667,0.20773625,0.30607167,0.4861921
2018,1,0.2164496918553722,0.23526751098475057,0.5482827971598772,0.21903841025302231,0.3043463057541681,0.4766152839928095,0.2391039249850367,0.3175297164437159,0.4433663585712474,0.2334559,0.3185156,0.4480285
2018,2,0.2164496918553722,0.23526751098475057,0.5482827971598772,0.14554617897651492,0.2622605085398648,0.5921933124836203,0.10080364800947114,0.23418193630387213,0.6650144156866566,0.17762224,0.22348422,0.5988935
2018,2,0.2164496918553722,0.23526751098475057,0.5482827971598772,0.15039505598978387,0.24329259237800802,0.6063123516322079,0.20774574028753706,0.2826833981464785,0.5095708615659845,0.17228319,0.32787785,0.49983895
2018,2,0.2164496918553722,0.23526751098475057,0.5482827971598772,0.11566218233724841,0.2231142140575463,0.6612236036052053,0.08023742279360985,0.19897867566992122,0.720783901536469,0.10233158,0.20774424,0.6899242
2018,1,0.5482827971598772,0.23526751098475057,0.2164496918553722,0.4488954918143119,0.29630891146315624,0.2547955967225318,0.48222902480851315,0.3161186961145191,0.2016522790769678,0.5795863,0.21649328,0.2039204
2018,0,0.2164496918553722,0.23526751098475057,0.5482827971598772,0.17250910574577905,0.24574563367045316,0.5817452605837679,0.10074848234583934,0.19691412585918575,0.7023373917949749,0.1096064,0.15743525,0.7329583
2018,2,0.5482827971598772,0.23526751098475057,0.2164496918553722,0.3443200819431481,0.30911315359563424,0.3465667644612178,0.31011073705517234,0.3188237801835325,0.37106548276129503,0.5064097,0.23721318,0.2563771
2018,2,0.2164496918553722,0.23526751098475057,0.5482827971598772,0.5107885818478086,0.26890552513236876,0.22030589301982256,0.37078879887267296,0.31412177438673555,0.31508942674059137,0.3044305,0.35156655,0.3440029
2018,2,0.2164496918553722,0.23526751098475057,0.5482827971598772,0.26412556318476516,0.33483924795881387,0.4010351888564209,0.2844284254886379,0.3419460326088708,0.37362554190249136,0.3540646,0.2395603,0.4063751
2018,2,0.2164496918553722,0.23526751098475057,0.5482827971598772,0.3335648561704094,0.29479974999262837,0.3716353938369624,0.23996201318217764,0.26061245376263803,0.49942553305518433,0.20637502,0.23072481,0.5629001
2018,2,0.2164496918553722,0.23526751098475057,0.5482827971598772,0.19647700304594568,0.321702757978135,0.48182023897591947,0.1769801932520022,0.337610704926869,0.48540910182112884,0.2490812,0.2690047,0.48191413
2018,0,0.2164496918553722,0.23526751098475057,0.5482827971598772,0.3290457900908559,0.320032689063362,0.3509215208457823,0.33267542777157627,0.30500018934228074,0.3623243828861431,0.31610644,0.24606882,0.4378248
2018,0,0.2164496918553722,0.23526751098475057,0.5482827971598772,0.3168652570553159,0.2840354323579148,0.3990993105867693,0.3099553977629491,0.309995803513281,0.3800487987237698,0.34365824,0.32826203,0.3280797
2018,1,0.2164496918553722,0.23526751098475057,0.5482827971598772,0.21096140292967586,0.2612027991639201,0.527835797906404,0.143226092204212,0.216724313005593,0.6400495947901952,0.18399525,0.2625537,0.55345106
2018,1,0.5482827971598772,0.23526751098475057,0.2164496918553722,0.38765695933210087,0.30849701495921145,0.3038460257086874,0.32779665256579826,0.3538287767796854,0.31837457065451646,0.31471798,0.28405696,0.4012251
2018,0,0.5482827971598772,0.23526751098475057,0.2164496918553722,0.6068406184971809,0.2486175388072603,0.1445418426955588,0.6913348272247917,0.21843372578747072,0.09023144698773752,0.728969,0.17476583,0.09626522
2018,0,0.5482827971598772,0.23526751098475057,0.2164496918553722,0.4054687544212183,0.2833928701283491,0.31113837545043244,0.6487845290283754,0.2076209220021294,0.14359454896949522,0.6287011,0.24817404,0.12312486
2018,1,0.2164496918553722,0.23526751098475057,0.5482827971598772,0.2716060864451341,0.3365383926269598,0.391855520927906,0.3138246161974683,0.3718297583094742,0.31434562549305767,0.40455124,0.27828526,0.31716353
2018,0,0.2164496918553722,0.23526751098475057,0.5482827971598772,0.3885943540403991,0.30425290717054465,0.307152738789056,0.3222384404205111,0.3401014979895575,0.33766006158993145,0.27902487,0.28591615,0.43505898
2018,2,0.2164496918553722,0.23526751098475057,0.5482827971598772,0.2567997626850827,0.2976799077846627,0.44552032953025456,0.2662845400924744,0.29226971726950457,0.4414457426380212,0.35579544,0.24534875,0.39885575
2018,2,0.5482827971598772,0.23526751098475057,0.2164496918553722,0.668505355725731,0.209207919380989,0.1222867248932801,0.6176011551145972,0.24089081219757993,0.14150803268782278,0.5525131,0.23868951,0.20879735
2018,2,0.2164496918553722,0.23526751098475057,0.5482827971598772,0.2454071755212574,0.29686499190499194,0.4577278325737506,0.24030286382837834,0.34432660984016067,0.41537052633146104,0.25932285,0.30942065,0.43125647
2018,1,0.2164496918553722,0.23526751098475057,0.5482827971598772,0.37202172500557273,0.2866053303042088,0.3413729446902185,0.3119719724004383,0.2956969842680362,0.3923310433315254,0.24079971,0.27455276,0.48464748
2018,0,0.5482827971598772,0.23526751098475057,0.2164496918553722,0.5103306063038391,0.28335756337576584,0.20631183032039518,0.41115555088912725,0.2802266849753967,0.308617764135476,0.27319494,0.19954228,0.5272628
2018,0,0.2164496918553722,0.23526751098475057,0.5482827971598772,0.26737727988736104,0.31320220481358807,0.41942051529905106,0.24890435771571245,0.35816232152794336,0.39293332075634424,0.2313394,0.27275607,0.49590454
2018,0,0.5482827971598772,0.23526751098475057,0.2164496918553722,0.22030589301982256,0.26890552513236876,0.5107885818478086,0.31508942674059137,0.3141217743867356,0.370788798872673,0.38312408,0.21506621,0.40180972
2018,0,0.5482827971598772,0.23526751098475057,0.2164496918553722,0.4199820316316254,0.33123975041997106,0.2487782179484035,0.4389822694364873,0.3172706109598849,0.24374711960362774,0.42238295,0.29681706,0.28080004
2022,2,0.2119460520241052,0.23389986689874065,0.5541540810771541,0.21408112635015245,0.249207664673636,0.5367112089762116,0.20829573737931384,0.2523737792088931,0.5393304834117931,0.33980256,0.33557984,0.32461762
2022,2,0.2119460520241052,0.23389986689874065,0.5541540810771541,0.14621798030912794,0.2564916523471999,0.5972903673436724,0.12800711780309038,0.23054855984298597,0.6414443223539237,0.11945292,0.19301356,0.68753356
2022,0,0.5541540810771541,0.23389986689874065,0.2119460520241052,0.5437239880961939,0.28788101385822984,0.16839499804557628,0.5210795536365735,0.313821625612423,0.16509882075100352,0.50218195,0.26071852,0.23709951
2022,1,0.5541540810771541,0.23389986689874065,0.2119460520241052,0.41060641091581396,0.3199655258173185,0.26942806326686763,0.35619077995358395,0.3515105831202291,0.29229863692618696,0.3339598,0.31076774,0.3552725
2022,2,0.5541540810771541,0.23389986689874065,0.2119460520241052,0.7374213116991175,0.18539439496934193,0.07718429333154062,0.7623304369822528,0.1868450926108472,0.05082447040690017,0.75539565,0.21752952,0.027074834
2022,1,0.5541540810771541,0.23389986689874065,0.2119460520241052,0.3927614313832156,0.29702283120778594,0.31021573740899855,0.3378013499016542,0.29027536748574445,0.3719232826126014,0.38204485,0.2636402,0.35431495
2022,1,0.5541540810771541,0.23389986689874065,0.2119460520241052,0.5073469921636204,0.28984348396620785,0.2028095238701716,0.5611271837761502,0.2802893063030344,0.15858350992081552,0.6042295,0.2503431,0.1454274
2022,0,0.5541540810771541,0.23389986689874065,0.2119460520241052,0.5620531375849,0.27323624192436324,0.16471062049073654,0.6145001038560627,0.24157666123005417,0.1439232349138831,0.66905487,0.24106309,0.08988203
2022,0,0.5541540810771541,0.23389986689874065,0.2119460520241052,0.6152274784441838,0.23003906787972125,0.15473345367609492,0.62906250785954,0.2148940907947392,0.1560434013457206,0.66015756,0.17707573,0.16276674
2022,1,0.2119460520241052,0.23389986689874065,0.5541540810771541,0.23739991668369217,0.3161977681902401,0.44640231512606765,0.27415567665601337,0.306644875957421,0.41919944738656556,0.23571771,0.31470844,0.44957384
2022,2,0.5541540810771541,0.23389986689874065,0.2119460520241052,0.5735238164197114,0.23489442919334785,0.19158175438694064,0.5262847740590348,0.2508621321356495,0.2228530938053157,0.43817526,0.32782042,0.23400436
2022,0,0.5541540810771541,0.23389986689874065,0.2119460520241052,0.7055610687986579,0.20513361819540213,0.08930531300593994,0.7310831004169124,0.19927515167023585,0.0696417479128518,0.66420805,0.20444603,0.1313459
2022,0,0.5541540810771541,0.23389986689874065,0.2119460520241052,0.45724028570865816,0.3127470595486625,0.23001265474267923,0.5671209403138309,0.27686066879037086,0.15601839089579841,0.68614554,0.20984592,0.10400852
2022,0,0.5541540810771541,0.23389986689874065,0.2119460520241052,0.6653577819836973,0.221617083446896,0.11302513456940655,0.7381020826356388,0.18734799368409125,0.07454992368026991,0.76565534,0.13857013,0.09577453
2022,1,0.5541540810771541,0.23389986689874065,0.2119460520241052,0.4866650921349401,0.2888958569588638,0.224439050906196,0.5722875599312643,0.267493412213565,0.1602190278551708,0.47455156,0.27295047,0.252498
2022,0,0.5541540810771541,0.23389986689874065,0.2119460520241052,0.5846960175957026,0.26489636600640254,0.15040761639789502,0.7595799631713147,0.1828078787129282,0.05761215811575714,0.77396834,0.16963893,0.056392733
2022,2,0.2119460520241052,0.23389986689874065,0.5541540810771541,0.27106141780689486,0.2849128008461932,0.44402578134691184,0.32502049966471386,0.28722343627555874,0.3877560640597274,0.4326153,0.30477023,0.26261452
2022,1,0.5541540810771541,0.23389986689874065,0.2119460520241052,0.5479693619704639,0.26182881191432644,0.19020182611520997,0.5129418438798155,0.2714396077817886,0.21561854833839605,0.51055884,0.29457337,0.1948678
2022,2,0.5541540810771541,0.23389986689874065,0.2119460520241052,0.28869305860278616,0.35338365330123156,0.3579232880959823,0.2888128297811749,0.3797196641801261,0.33146750603869907,0.35821906,0.29077187,0.35100904
2022,1,0.5541540810771541,0.23389986689874065,0.2119460520241052,0.5342234780911732,0.27231730173000396,0.1934592201788226,0.5375783678319705,0.2899363511842482,0.1724852809837813,0.5345006,0.25006092,0.21543849
2022,0,0.5541540810771541,0.23389986689874065,0.2119460520241052,0.45409640803908535,0.30687882111569414,0.23902477084522064,0.37441436066369443,0.3078689304238156,0.3177167089124898,0.3492178,0.34555727,0.3052249
2022,0,0.5541540810771541,0.23389986689874065,0.2119460520241052,0.5355383767032809,0.2751396718475258,0.18932195144919317,0.5209174158111789,0.29514256500640884,0.18394001918241243,0.44254398,0.3111131,0.2463429
2022,0,0.5541540810771541,0.23389986689874065,0.2119460520241052,0.519753945200979,0.2757044271484343,0.20454162765058673,0.6634702270265963,0.22969045592718343,0.10683931704622018,0.67652804,0.18826813,0.13520385
2022,2,0.5541540810771541,0.23389986689874065,0.2119460520241052,0.28639169238403195,0.31271707653946373,0.4008912310765043,0.3305855236095402,0.32358140727004076,0.34583306912041883,0.36285192,0.35168707,0.28546098
2022,0,0.5541540810771541,0.23389986689874065,0.2119460520241052,0.5884405509589236,0.2544146916135905,0.1571447574274858,0.48138371269639796,0.27474821387358134,0.2438680734300207,0.4851484,0.28864595,0.22620557
2022,2,0.5541540810771541,0.23389986689874065,0.2119460520241052,0.4669257190980813,0.2913708896515768,0.24170339125034215,0.5575083273588715,0.2543322969197821,0.1881593757213464,0.5209696,0.31099528,0.16803506
2022,1,0.5541540810771541,0.23389986689874065,0.2119460520241052,0.466413037520359,0.2664370814177446,0.26714988106189647,0.49341654552112013,0.2581440131790802,0.24843944129979983,0.42450863,0.2580975,0.31739384
2022,2,0.5541540810771541,0.23389986689874065,0.2119460520241052,0.4333478123106229,0.3029960359016398,0.26365615178773716,0.48568678781205504,0.31544697648253944,0.19886623570540557,0.5299341,0.2552161,0.21484976
2022,1,0.2119460520241052,0.23389986689874065,0.5541540810771541,0.24604937541900462,0.31664721282188424,0.4373034117591111,0.16304464074332503,0.26510795937164094,0.5718473998850342,0.14270148,0.2550835,0.602215
2022,0,0.5541540810771541,0.23389986689874065,0.2119460520241052,0.6436158343754099,0.23232894295214596,0.12405522267244398,0.7069220889749842,0.21118999485540535,0.08188791616961048,0.68896514,0.19072257,0.120312296
2022,2,0.5541540810771541,0.23389986689874065,0.2119460520241052,0.37357801176005456,0.3391795927734011,0.28724239546654423,0.4516542504991813,0.3237360038469477,0.2246097456538711,0.6692324,0.23576932,0.0949982
2022,0,0.5541540810771541,0.23389986689874065,0.2119460520241052,0.4149388985064476,0.2866125526668467,0.29844854882670563,0.44100873666710005,0.3110795534735683,0.24791170985933172,0.37455726,0.30632815,0.31911466
2022,2,0.2119460520241052,0.23389986689874065,0.5541540810771541,0.1438755754144071,0.27415716358183173,0.5819672610037612,0.1496906260194973,0.2962472636582747,0.5540621103222281,0.15912044,0.22955514,0.6113244
2022,2,0.2119460520241052,0.23389986689874065,0.5541540810771541,0.3056901871186074,0.3218027130262146,0.37250709985517794,0.3117213827410567,0.35913609895071263,0.32914251830823055,0.297447,0.2584256,0.44412738
2022,2,0.2119460520241052,0.23389986689874065,0.5541540810771541,0.40874224851101737,0.3096941603349732,0.28156359115400936,0.45841379099872515,0.31393901314056755,0.2276471958607073,0.47611564,0.32876092,0.1951235
2022,2,0.2119460520241052,0.23389986689874065,0.5541540810771541,0.0921438917348151,0.17121558279789711,0.7366405254672879,0.10014888524246661,0.16382728371014052,0.7360238310473928,0.09737099,0.20808727,0.69454175
2022,2,0.2119460520241052,0.23389986689874065,0.5541540810771541,0.17394677942348513,0.24851619940616135,0.5775370211703534,0.11254902208855366,0.21930605990114585,0.6681449180103006,0.0989511,0.19082116,0.7102277
2022,2,0.2119460520241052,0.23389986689874065,0.5541540810771541,0.16158034265903576,0.27275527473475153,0.5656643826062128,0.19347427035643652,0.31949886170715897,0.48702686793640454,0.22422434,0.17742427,0.5983514
2022,0,0.2119460520241052,0.23389986689874065,0.5541540810771541,0.25338614914671226,0.287541596937851,0.4590722539154367,0.16340125391355698,0.2693459516113726,0.5672527944750706,0.18778795,0.23372114,0.5784909
2022,0,0.2119460520241052,0.23389986689874065,0.5541540810771541,0.13019556957982142,0.2681060327304189,0.6016983976897597,0.14028030743293757,0.25175836627407233,0.6079613262929902,0.119050674,0.26153183,0.6194175
2022,2,0.2119460520241052,0.23389986689874065,0.5541540810771541,0.2374424276689787,0.32010833418660534,0.44244923814441595,0.30226107937503066,0.32065985691991455,0.3770790637050547,0.23239323,0.29928043,0.4683263
2022,0,0.2119460520241052,0.23389986689874065,0.5541540810771541,0.13245546278071577,0.24074766491100955,0.6267968723082746,0.14178153512675437,0.24335315417211728,0.6148653107011282,0.12388111,0.2628645,0.61325437
2022,2,0.2119460520241052,0.23389986689874065,0.5541540810771541,0.1293777525175032,0.20418047275015602,0.6664417747323407,0.1115538013896874,0.21624507605173154,0.6722011225585811,0.14946698,0.18405257,0.6664805
2022,1,0.2119460520241052,0.23389986689874065,0.5541540810771541,0.3589043231831345,0.2816460718027063,0.35944960501415935,0.25390814340760604,0.2467205366488382,0.49937131994355577,0.23325793,0.33707273,0.42966932
2022,0,0.2119460520241052,0.23389986689874065,0.5541540810771541,0.1818027428462557,0.2881454872179977,0.5300517699357465,0.10271167438776799,0.22212565912546822,0.6751626664867638,0.12943855,0.2364545,0.63410693
2022,2,0.2119460520241052,0.23389986689874065,0.5541540810771541,0.18744736186659586,0.26972784086851087,0.5428247972648932,0.0944689462609797,0.23507876277104026,0.67045229096798,0.08064781,0.21205582,0.7072964
2022,2,0.2119460520241052,0.23389986689874065,0.5541540810771541,0.33007766885006035,0.2988693037216354,0.3710530274283044,0.3464685250291021,0.28141027355371867,0.3721212014171791,0.22293888,0.25705534,0.52000576
2022,0,0.2119460520241052,0.23389986689874065,0.5541540810771541,0.07235777628873265,0.20067535598654654,0.7269668677247207,0.026617501641900645,0.12917103826456514,0.8442114600935342,0.026395146,0.04025685,0.933348
2022,0,0.5541540810771541,0.23389986689874065,0.2119460520241052,0.5362046489354333,0.26639457087176527,0.19740078019280147,0.5272582897937808,0.27174379173216395,0.20099791847405535,0.56753117,0.23162064,0.2008482
2022,0,0.5541540810771541,0.23389986689874065,0.2119460520241052,0.6050954111122007,0.2417511392152771,0.15315344967252198,0.711872354733559,0.20475453417464498,0.08337311109179588,0.79988235,0.14246124,0.05765644
2022,0,0.5541540810771541,0.23389986689874065,0.2119460520241052,0.5358793620861612,0.2785312575123799,0.18558938040145875,0.557733494509041,0.25095509500307694,0.1913114104878822,0.46765018,0.26095116,0.2713986
2022,0,0.5541540810771541,0.23389986689874065,0.2119460520241052,0.5935868276595831,0.2627222699502346,0.14369090239018212,0.6433314516005717,0.24557841974550323,0.11109012865392494,0.5531249,0.26247004,0.1844051
2022,1,0.2119460520241052,0.23389986689874065,0.5541540810771541,0.2616292644267054,0.29458573334488997,0.4437850022284045,0.2893394173169953,0.288754109786089,0.4219064728969158,0.23208563,0.33398136,0.43393305
2022,0,0.5541540810771541,0.23389986689874065,0.2119460520241052,0.6881854260834409,0.22039716798788714,0.09141740592867192,0.8155092277507512,0.14529447261634681,0.03919629963290196,0.73256016,0.14019077,0.12724905
2022,1,0.2119460520241052,0.23389986689874065,0.5541540810771541,0.12260637549715472,0.2592628042265985,0.6181308202762468,0.1373554366365082,0.26074861462173676,0.601895948741755,0.19823618,0.26861537,0.53314847
2022,0,0.5541540810771541,0.23389986689874065,0.2119460520241052,0.47312305534291876,0.2876932741501612,0.2391836705069201,0.5349358974278812,0.2758694505572552,0.18919465201486357,0.33875623,0.2921533,0.36909047
2022,1,0.2119460520241052,0.23389986689874065,0.5541540810771541,0.14946232853607802,0.25410367517290955,0.5964339962910125,0.08052390163867096,0.20175004544932532,0.7177260529120038,0.11192276,0.29656038,0.5915169
2022,1,0.2119460520241052,0.23389986689874065,0.5541540810771541,0.32775332260611273,0.29618160601872023,0.3760650713751671,0.21870278919137626,0.2824452689066009,0.4988519419020229,0.24638043,0.26707754,0.48654202
2022,0,0.2119460520241052,0.23389986689874065,0.5541540810771541,0.18241926971275824,0.29486969163685534,0.5227110386503864,0.1414895316986795,0.27467784460170575,0.5838326236996145,0.18695663,0.29079452,0.52224886
2022,2,0.2119460520241052,0.23389986689874065,0.5541540810771541,0.3334154387057679,0.32761430469857117,0.3389702565956611,0.3656151079453449,0.31095022168756825,0.323434670367087,0.25474295,0.34447065,0.40078643
2022,0,0.5541540810771541,0.23389986689874065,0.2119460520241052,0.48664460904549384,0.28193205918194203,0.2314233317725639,0.6109152198518646,0.24684731527332984,0.14223746487480546,0.59443927,0.22065724,0.18490347
2022,0,0.5541540810771541,0.23389986689874065,0.2119460520241052,0.5395558249326675,0.30204156744808386,0.1584026076192484,0.5448971185852234,0.2801343706917226,0.17496851072305408,0.43418047,0.32797748,0.23784202
2022,0,0.5541540810771541,0.23389986689874065,0.2119460520241052,0.44640231512606776,0.3161977681902402,0.2373999166836922,0.41919944738656556,0.30664487595742107,0.27415567665601337,0.3359378,0.32748294,0.33657923
2022,1,0.5541540810771541,0.23389986689874065,0.2119460520241052,0.35572160530807984,0.31832963011021964,0.3259487645817005,0.4680332307096929,0.3007249171646613,0.23124185212564594,0.42575625,0.23747653,0.33676726
